id,label,sex,father,mother,status,carrier,phenotype,variant,visible
IPT; NHC 743884,IPT,1,IPT; NHC 743884_padre,IPT; NHC 743884_madre,affected,carrier,Sordera,WFS1: c.1949A>C (p.Tyr650Ser),TRUE
IPT; NHC 743884_padre,Padre,1,Abuelo,Abuela,unknown,unknown,,,TRUE
IPT; NHC 743884_madre,Madre,2,,,unknown,unknown,,,TRUE
GPT; NHC 981719,GPT,1,IPT; NHC 743884_padre,IPT; NHC 743884_madre,affected,noncarrier,Sordera,,TRUE
GPT2; NHC 786427,GPT2,1,IPT; NHC 743884,Pareja,unaffected,noncarrier,,,TRUE
JPT; NHC 907971,JPT,1,IPT; NHC 743884,Pareja,unaffected,carrier,,WFS1: c.1949A>C (p.Tyr650Ser),TRUE
MPT; NHC 786341,MPT,2,IPT; NHC 743884,Pareja,unaffected,noncarrier,,,TRUE
IPT; NHC 743884_tio_paterno,Tío paterno,1,Abuelo,Abuela,unknown,unknown,,,TRUE
IPT; NHC 743884_pareja_tio_paterno,Pareja tío paterno,2,,,unknown,unknown,,,TRUE
TSP,TSP,2,IPT; NHC 743884_tio_paterno,IPT; NHC 743884_pareja_tio_paterno,affected,noncarrier,Sordera,,TRUE
Pareja TSP,Pareja TSP,1,,,unknown,unknown,,,TRUE
ASS,ASS,1,Pareja TSP,TSP,unaffected,noncarrier,,,TRUE
ASS2,ASS2,2,Pareja TSP,TSP,unaffected,noncarrier,,,TRUE
Pareja,Pareja,2,,,unknown,unknown,,,TRUE
Abuela,Abuela,2,,,unknown,unknown,,,TRUE
Abuelo,Abuelo,1,,,unknown,unknown,,,TRUE
